Category,Sub_Category,Component
ACA Services-ACA Filing,Other,Rewards Domain
ACA Services-Filing - Corrections,Other,Rewards Domain
ACA Toolkit Services-ACA Filing,Other,Rewards Domain
ACA Toolkit Services-BI Reporting,Delivered BI Reports,Business Intelligence
ACA Toolkit Services-BI Reporting,Import,Business Intelligence
ACA Toolkit Services-Configuration 1095C,Deduction Benefit Plan Business Rule,Rewards Domain
ACA Toolkit Services-Configuration 1095C,PPACA Reporting,Rewards Domain
ACA Toolkit Services-Electronic 1095C Consent,Other,Rewards Domain
ACA Toolkit Services-Employee Self Service 1095C,Other,Rewards Domain
ACA Toolkit Services-Exchange Notices,Other,Rewards Domain
"ACA Toolkit Services-Generation 1094C, 1095C",Employee Export,Rewards Domain
ACA Toolkit Services-Healthcare Eligibility (HCE),Benefits,Rewards Domain
ACA Toolkit Services-Import 1095C Data,Benefits Import,Rewards Domain
ACA Toolkit Services-Offer of Coverage,Benefits,Rewards Domain
ACA Toolkit Services-Other,Penalty,Rewards Domain
"ACA Toolkit Services-Print 1094C, 1095C",Other,Rewards Domain
Ultimate Partner-Global Cash Card,Data Extract,Payroll
Ultimate Partner-PingIdentity,Security,AuthN
Ultimate Partner-Wright Express,Data Extract,Payroll
UltiPro Benefits Prime-ACA,Other,Benefits Prime
UltiPro Benefits Prime-API,Other,Benefits Prime
UltiPro Benefits Prime-Carrier Contact,Other,Benefits Prime
UltiPro Benefits Prime-Compliance/Regulatory,Other,Benefits Prime
UltiPro Benefits Prime-Configuration,Deductions,Benefits Prime
UltiPro Benefits Prime-Configuration,Earnings,Benefits Prime
UltiPro Benefits Prime-Configuration,Other,Benefits Prime
UltiPro Benefits Prime-Configuration,Security,Benefits Prime
UltiPro Benefits Prime-Deduction Issue/Inquiry,Other,Benefits Prime
UltiPro Benefits Prime-EDI,Other,Benefits Prime
UltiPro Benefits Prime-Electronic Consent,Other,Benefits Prime
UltiPro Benefits Prime-Eligibility Information,Other,Benefits Prime
UltiPro Benefits Prime-Employee Data,Other,Benefits Prime
UltiPro Benefits Prime-Filing,Other,Benefits Prime
UltiPro Benefits Prime-Life Event,Other,Benefits Prime
UltiPro Benefits Prime-Mass Update Import/Export,Other,Benefits Prime
UltiPro Benefits Prime-New Enrollment,Other,Benefits Prime
UltiPro Benefits Prime-Non-Benefit Related Questions,Other,Benefits Prime
UltiPro Benefits Prime-Offer of Coverage,Other,Benefits Prime
UltiPro Benefits Prime-Open Enrollment/Renewal,Other,Benefits Prime
UltiPro Benefits Prime-Other,Other,Benefits Prime
UltiPro Benefits Prime-Password Reset/Access,Other,Benefits Prime
UltiPro Benefits Prime-Printing,Other,Benefits Prime
UltiPro Benefits Prime-Reports,Other,Benefits Prime
UltiPro Benefits Prime-Welcome Call,Other,Benefits Prime
UltiPro Benefits Prime-Year End,Other,Benefits Prime
UltiPro Business Intelligence-BI Reporting,Cognos Connection,Business Intelligence
UltiPro Business Intelligence-BI Reporting,Custom Reports,Business Intelligence
UltiPro Business Intelligence-BI Reporting,Dashboards,Business Intelligence
UltiPro Business Intelligence-BI Reporting,Email Notification,Business Intelligence
UltiPro Business Intelligence-BI Reporting,Event Studio,Business Intelligence
UltiPro Business Intelligence-BI Reporting,How to,Business Intelligence
UltiPro Business Intelligence-BI Reporting,Missing or Incorrect Data,Business Intelligence
UltiPro Business Intelligence-BI Reporting,Other,Business Intelligence
UltiPro Business Intelligence-BI Reporting,Performance,Business Intelligence
UltiPro Business Intelligence-BI Reporting,Recruitment Data Model and Packages,Business Intelligence
UltiPro Business Intelligence-BI Reporting,Report Errors,Business Intelligence
UltiPro Business Intelligence-BI Reporting,Scheduling Reports,Business Intelligence
UltiPro Business Intelligence-BI Reporting,Security Setup and Integration,Business Intelligence
UltiPro Business Intelligence-BI Reporting,Training Courses,Business Intelligence
UltiPro Business Intelligence-SaaS,Configuration,Business Intelligence
UltiPro Business Intelligence-SaaS,Connectivity,Business Intelligence
UltiPro Business Intelligence-SaaS,Data Restore,Business Intelligence
UltiPro Business Intelligence-SaaS,Import/Export,Business Intelligence
UltiPro Business Intelligence-SaaS,Performance,Business Intelligence
UltiPro Business Intelligence-SaaS,Permissions,Business Intelligence
UltiPro Business Intelligence-SaaS,Ports,Business Intelligence
UltiPro Business Intelligence-SaaS,WAF Error,Business Intelligence
UltiPro Connect-BI,Access,Core Integrations
UltiPro Connect-BI,Configuration,Core Integrations
UltiPro Connect-BI,Connectivity,Core Integrations
UltiPro Connect-BI,Data,Core Integrations
UltiPro Connect-BI,How to,Core Integrations
UltiPro Connect-Core,Access,Core Integrations
UltiPro Connect-Core,Configuration,Core Integrations
UltiPro Connect-Core,Connectivity,Core Integrations
UltiPro Connect-Core,Data,Core Integrations
UltiPro Connect-Core,How to,Core Integrations
UltiPro Connect-Talent,Access,Core Integrations
UltiPro Connect-Talent,Configuration,Core Integrations
UltiPro Connect-Talent,Connectivity,Core Integrations
UltiPro Connect-Talent,Data,Core Integrations
UltiPro Connect-Talent,How to,Core Integrations
UltiPro Connect-Time,Access,Core Integrations
UltiPro Connect-Time,Configuration,Core Integrations
UltiPro Connect-Time,Connectivity,Core Integrations
UltiPro Connect-Time,Data,Core Integrations
UltiPro Connect-Time,How to,Core Integrations
UltiPro Core/HR Payroll-Giving,Administration,Payroll
UltiPro Core/HR Payroll-Giving,Other,Payroll
UltiPro Core/HR Payroll-Giving,Payroll,Payroll
UltiPro Core/HR Payroll-Benefits,.NET Open Enrollment,Rewards Domain
UltiPro Core/HR Payroll-Benefits,Benefits Administration,Rewards Domain
UltiPro Core/HR Payroll-Benefits,Benefits Enrollment,Rewards Domain
UltiPro Core/HR Payroll-Benefits,Life Events,Rewards Domain
UltiPro Core/HR Payroll-Career Development,Career Development,Talent Management
UltiPro Core/HR Payroll-Community Broadcast,Access,Notifications
UltiPro Core/HR Payroll-Community Broadcast,Authentication,Notifications
UltiPro Core/HR Payroll-Community Broadcast,Configuration,Notifications
UltiPro Core/HR Payroll-Community Broadcast,Connectivity,Notifications
UltiPro Core/HR Payroll-Community Broadcast,How to,Notifications
UltiPro Core/HR Payroll-Company Setup,Banks Setup,Payroll
UltiPro Core/HR Payroll-Company Setup,Benefit Providers,Rewards Domain
UltiPro Core/HR Payroll-Company Setup,Business Rules & Setup Tables,CU HR
UltiPro Core/HR Payroll-Company Setup,Common Pay Agent Utility,Compliance TaxCARE
UltiPro Core/HR Payroll-Company Setup,Content Management and Page Links,Unified Services
UltiPro Core/HR Payroll-Company Setup,Create Company (CreateCo),BND - SaaS/Prod
UltiPro Core/HR Payroll-Company Setup,Custom Expression Earning/Deduction/PTO,Payroll
UltiPro Core/HR Payroll-Company Setup,Deductions,Rewards Domain
UltiPro Core/HR Payroll-Company Setup,Earning Calc and Tax Categories,Compliance TaxUs
UltiPro Core/HR Payroll-Company Setup,Earnings,Payroll
UltiPro Core/HR Payroll-Company Setup,EmpCount Utility,BND - SaaS/Prod
UltiPro Core/HR Payroll-Company Setup,General Ledger,Payroll
UltiPro Core/HR Payroll-Company Setup,Global Currency,CU HR
UltiPro Core/HR Payroll-Company Setup,Location,Compliance TaxUs
UltiPro Core/HR Payroll-Company Setup,Pay Calendar,Payroll
UltiPro Core/HR Payroll-Company Setup,Pay Group,Payroll
UltiPro Core/HR Payroll-Company Setup,Pay Scales and Progression,CU HR
UltiPro Core/HR Payroll-Company Setup,Payroll Setup,Payroll
UltiPro Core/HR Payroll-Company Setup,PTO Expression Builder,Payroll
UltiPro Core/HR Payroll-Company Setup,Salary Grades,Rewards Domain
UltiPro Core/HR Payroll-Company Setup,Salary Planning and Budgeting,Rewards Domain
UltiPro Core/HR Payroll-Company Setup,Tax Setup,Compliance TaxUs
UltiPro Core/HR Payroll-Company Setup,Tax Updates,Tax Research
UltiPro Core/HR Payroll-Company Setup,Wage Attachment,Compliance TaxUs
UltiPro Core/HR Payroll-Company Setup,Workers Comp,Compliance TaxUs
UltiPro Core/HR Payroll-Custom - BackOffice/CTK,Calcs,TC Customs
UltiPro Core/HR Payroll-Custom - BackOffice/CTK,Checks,TC Customs
UltiPro Core/HR Payroll-Custom - BackOffice/CTK,CTK,TC Customs
UltiPro Core/HR Payroll-Custom - BackOffice/CTK,SPs,TC Customs
UltiPro Core/HR Payroll-Custom - Web,Web,TC Customs
UltiPro Core/HR Payroll-Document Acknowledgement,Custom Programs,TC Customs
UltiPro Core/HR Payroll-DPM and PAC,DPM (Distributed Process Mgmt),Payroll
UltiPro Core/HR Payroll-Effective Dating,Effectively Dated Tables,Rewards Domain
UltiPro Core/HR Payroll-Employee Setup,Arrears,Payroll
UltiPro Core/HR Payroll-Employee Setup,COBRA,Rewards Domain
UltiPro Core/HR Payroll-Employee Setup,Deduction Setup,Rewards Domain
UltiPro Core/HR Payroll-Employee Setup,Delete Employee,CU HR
UltiPro Core/HR Payroll-Employee Setup,Direct Deposit Setup,Payroll
UltiPro Core/HR Payroll-Employee Setup,Document Management,GEARS-TOOLS
UltiPro Core/HR Payroll-Employee Setup,Earnings Setup,Payroll
UltiPro Core/HR Payroll-Employee Setup,Employee Benefits,Rewards Domain
UltiPro Core/HR Payroll-Employee Setup,Employee Photos,CU HR
UltiPro Core/HR Payroll-Employee Setup,FMLA Leave Tracking,Compliance TaxUs
UltiPro Core/HR Payroll-Employee Setup,Garnishment,Compliance TaxUs
UltiPro Core/HR Payroll-Employee Setup,HIPAA,Rewards Domain
UltiPro Core/HR Payroll-Employee Setup,I-9,CU HR
UltiPro Core/HR Payroll-Employee Setup,Jobs,CU HR
UltiPro Core/HR Payroll-Employee Setup,Labor Allocations,Payroll
UltiPro Core/HR Payroll-Employee Setup,Mass Update,CU HR
UltiPro Core/HR Payroll-Employee Setup,Multiple Jobs,CU HR
UltiPro Core/HR Payroll-Employee Setup,OSHA Incident Tracking,CU HR
UltiPro Core/HR Payroll-Employee Setup,Personal Information,CU HR
UltiPro Core/HR Payroll-Employee Setup,PTO Setup & Requests,Payroll
UltiPro Core/HR Payroll-Employee Setup,Status,CU HR
UltiPro Core/HR Payroll-Employee Setup,Tax Code Finder (GeoTax),Compliance TaxUs
UltiPro Core/HR Payroll-Employee Setup,Tax Setup,Compliance TaxUs
UltiPro Core/HR Payroll-Employee Setup,View Checks & DDA's,Payroll
UltiPro Core/HR Payroll-Employee Setup,Wage Attachment,Compliance TaxUs
UltiPro Core/HR Payroll-Employee Setup,Workers Comp,Compliance TaxUs
UltiPro Core/HR Payroll-Export/Import,Benefit Imports,Rewards Domain
UltiPro Core/HR Payroll-Export/Import,Checks Export,Payroll
UltiPro Core/HR Payroll-Export/Import,Child Support ACH Export,Compliance TaxUs
UltiPro Core/HR Payroll-Export/Import,CTS Tax Exports and Interface,Compliance TaxUs
UltiPro Core/HR Payroll-Export/Import,Custom SQL Exports and Imports,TC Customs
UltiPro Core/HR Payroll-Export/Import,Expression Builder,Compliance TaxUs
UltiPro Core/HR Payroll-Export/Import,GL Export or Plugin,Payroll
UltiPro Core/HR Payroll-Export/Import,Imports and Exports,CU HR
UltiPro Core/HR Payroll-Export/Import,Imports and Exports Scheduler,CU HR
UltiPro Core/HR Payroll-Export/Import,New Hire Import,CU HR
UltiPro Core/HR Payroll-Export/Import,Payroll Timeclock Import,Payroll
UltiPro Core/HR Payroll-Export/Import,UDES - Encryption,GEARS-TOOLS
UltiPro Core/HR Payroll-Export/Import,UDES - False Positive,GEARS-TOOLS
UltiPro Core/HR Payroll-Export/Import,UDES - Global Scape,GEARS-TOOLS
UltiPro Core/HR Payroll-Export/Import,UDES - Rule/Encryption,GEARS-TOOLS
UltiPro Core/HR Payroll-Export/Import,UDES - Static File Name,GEARS-TOOLS
UltiPro Core/HR Payroll-Export/Import,UDES - Testing,GEARS-TOOLS
UltiPro Core/HR Payroll-Export/Import,UDES - Vendor/Bank,GEARS-TOOLS
UltiPro Core/HR Payroll-Export/Import,UES Monitoring,Tenancy
UltiPro Core/HR Payroll-Export/Import,Worksite Exports,GEARS-TOOLS
UltiPro Core/HR Payroll-File Transfer,UDES - Custom,GEARS-TOOLS
UltiPro Core/HR Payroll-File Transfer,UDES - Non Custom,GEARS-TOOLS
UltiPro Core/HR Payroll-Privacy Manager - Download,Other,CPP
UltiPro Core/HR Payroll-Privacy Manager - Erasure,Other,CPP
UltiPro Core/HR Payroll-Global,Business Process,Integration Applications
UltiPro Core/HR Payroll-Global,Celergo - Country Localization,Integration Applications
UltiPro Core/HR Payroll-Global,Celergo - Integration,Integration Applications
UltiPro Core/HR Payroll-Global,Celergo - Processing Summary Report,Integration Applications
UltiPro Core/HR Payroll-Global,Celergo - System Configuration,Integration Applications
Ultipro Core/HR Payroll-Global,Company Setup,CU HR
Ultipro Core/HR Payroll-Global,Employee Setup,CU HR
UltiPro Core/HR Payroll-Global Integration,Access,Integration Applications
UltiPro Core/HR Payroll-Global Integration,Configuration,Integration Applications
UltiPro Core/HR Payroll-Global Integration,Connectivity,Integration Applications
UltiPro Core/HR Payroll-Global Integration,Data,Integration Applications
UltiPro Core/HR Payroll-Global Integration,How to,Integration Applications
UltiPro Core/HR Payroll-HR / Benefits,Benefits,Rewards Domain
UltiPro Core/HR Payroll-HR / Benefits,Business Rules - HR,Rewards Domain
UltiPro Core/HR Payroll-HR / Benefits,Career Development,Talent Management
UltiPro Core/HR Payroll-HR / Benefits,Certpoint Data Integration,Talent Management
UltiPro Core/HR Payroll-HR / Benefits,Certpoint Functional,Talent Management
UltiPro Core/HR Payroll-HR / Benefits,"Change Job, Salary, and Reviews",CU HR
UltiPro Core/HR Payroll-HR / Benefits,Change Organization,CU HR
UltiPro Core/HR Payroll-HR / Benefits,Change Status,CU HR
UltiPro Core/HR Payroll-HR / Benefits,Code Filtering,CU HR
UltiPro Core/HR Payroll-HR / Benefits,Comp Mgt. Compensation Plans,Rewards Domain
UltiPro Core/HR Payroll-HR / Benefits,Comp Mgt. Salary Planning,Rewards Domain
UltiPro Core/HR Payroll-HR / Benefits,Company Transfers,CU HR
UltiPro Core/HR Payroll-HR / Benefits,Compensation Management,Rewards Domain
UltiPro Core/HR Payroll-HR / Benefits,Deductions,Rewards Domain
UltiPro Core/HR Payroll-HR / Benefits,Delete Employee,CU HR
UltiPro Core/HR Payroll-HR / Benefits,Effective Dating,Workflow
UltiPro Core/HR Payroll-HR / Benefits,Employee List / Directory,CU HR
UltiPro Core/HR Payroll-HR / Benefits,Employee Profile,CU HR
UltiPro Core/HR Payroll-HR / Benefits,Employee Status,CU HR
UltiPro Core/HR Payroll-HR / Benefits,eRelations,CU HR
UltiPro Core/HR Payroll-HR / Benefits,eSalary Budget,Rewards Domain
UltiPro Core/HR Payroll-HR / Benefits,Globalization,CU HR
UltiPro Core/HR Payroll-HR / Benefits,HR Compliance,CU HR
UltiPro Core/HR Payroll-HR / Benefits,Life Events,Rewards Domain
UltiPro Core/HR Payroll-HR / Benefits,Mass Update,Rewards Domain
UltiPro Core/HR Payroll-HR / Benefits,Multi-Company New Hire,CU HR
UltiPro Core/HR Payroll-HR / Benefits,New Hire,CU HR
UltiPro Core/HR Payroll-HR / Benefits,Open Enrollment,Rewards Domain
UltiPro Core/HR Payroll-HR / Benefits,OSHA,CU HR
UltiPro Core/HR Payroll-HR / Benefits,Performance Management,Talent Management
UltiPro Core/HR Payroll-HR / Benefits,Position Management,CU HR
UltiPro Core/HR Payroll-HR / Benefits,Recruitment & Staffing,Recruiting
UltiPro Core/HR Payroll-HR / Benefits,Recruitment & Staffing (core),Recruiting
UltiPro Core/HR Payroll-HR / Benefits,Rehire,CU HR
UltiPro Core/HR Payroll-HR / Benefits,Reports - HR,CU HR
UltiPro Core/HR Payroll-HR / Benefits,Salary Planning and Budgeting,Rewards Domain
UltiPro Core/HR Payroll-HR / Benefits,Terminations,CU HR
UltiPro Core/HR Payroll-HR / Benefits,Translation (localization),CU HR
UltiPro Core/HR Payroll-HR / Benefits,Work Events,CU HR
UltiPro Core/HR Payroll-Imports / Exports / Expressions,Benefits Import,Rewards Domain
UltiPro Core/HR Payroll-Imports / Exports / Expressions,Check Exports,Payroll
UltiPro Core/HR Payroll-Imports / Exports / Expressions,Employee Export,CU HR
UltiPro Core/HR Payroll-Imports / Exports / Expressions,Expression Builder,Compliance TaxUs
UltiPro Core/HR Payroll-Imports / Exports / Expressions,GL Export or Plug-in,Payroll
UltiPro Core/HR Payroll-Imports / Exports / Expressions,Imports and Exports Scheduler,Payroll
UltiPro Core/HR Payroll-Imports / Exports / Expressions,Job Change Import,CU HR
UltiPro Core/HR Payroll-Imports / Exports / Expressions,New Hire Import,CU HR
UltiPro Core/HR Payroll-Imports / Exports / Expressions,PTO Import,Payroll
UltiPro Core/HR Payroll-Imports / Exports / Expressions,Termination Import,CU HR
UltiPro Core/HR Payroll-Imports / Exports / Expressions,Timeclock Import,Payroll
UltiPro Core/HR Payroll-Install,Install,BND - SaaS/Prod
UltiPro Core/HR Payroll-Install,One-off,BND - SaaS/Prod
UltiPro Core/HR Payroll-Install,Product Keys and UltiRegister,BND - SaaS/Prod
UltiPro Core/HR Payroll-Install,Upgrade,BND - SaaS/Prod
UltiPro Core/HR Payroll-Integration Studio Designer,Access,Event Horizon
UltiPro Core/HR Payroll-Integration Studio Designer,Configuration,Event Horizon
UltiPro Core/HR Payroll-Integration Studio Designer,How to,Event Horizon
UltiPro Core/HR Payroll-Integration Studio Report Exports,Access,Event Horizon
UltiPro Core/HR Payroll-Integration Studio Report Exports,Configuration,Event Horizon
UltiPro Core/HR Payroll-Integration Studio Report Exports,Connectivity,Event Horizon
UltiPro Core/HR Payroll-Integration Studio Report Exports,How to,Event Horizon
UltiPro Core/HR Payroll-Microsoft SQL Server,Script Request,CU HR
UltiPro Core/HR Payroll-Mobile App,Application,Mobile Platform
UltiPro Core/HR Payroll-Mobile App,Configuration,Mobile Platform
UltiPro Core/HR Payroll-Mobile App,Security,Mobile Platform
UltiPro Core/HR Payroll-Mobile App,User Interface,Mobile Platform
UltiPro Core/HR Payroll-Payroll,Accumulators,Compliance TaxUs
UltiPro Core/HR Payroll-Payroll,Adjustments / Instant Checks,Compliance TaxUs
UltiPro Core/HR Payroll-Payroll,Allocations,Payroll
UltiPro Core/HR Payroll-Payroll,Batch Creation,Payroll
UltiPro Core/HR Payroll-Payroll,Business Rules,Payroll
UltiPro Core/HR Payroll-Payroll,Check Exports,Payroll
UltiPro Core/HR Payroll-Payroll,Check Reconciliation,Payroll
UltiPro Core/HR Payroll-Payroll,Direct Deposit,Payroll
UltiPro Core/HR Payroll-Payroll,Direct Deposit,Payroll
UltiPro Core/HR Payroll-Payroll,DPM and PAC,Payroll
UltiPro Core/HR Payroll-Payroll,Earnings,Payroll
UltiPro Core/HR Payroll-Payroll,Earnings Calc,Payroll
UltiPro Core/HR Payroll-Payroll,Effective Dating,Payroll
UltiPro Core/HR Payroll-Payroll,Employee Timesheets,Payroll
UltiPro Core/HR Payroll-Payroll,ePayroll Modeling,Payroll
UltiPro Core/HR Payroll-Payroll,ePriorPay,Payroll
UltiPro Core/HR Payroll-Payroll,General Ledger,Payroll
UltiPro Core/HR Payroll-Payroll,GL Export or Plugin,Payroll
UltiPro Core/HR Payroll-Payroll,Gross-to-net,Compliance TaxUs
UltiPro Core/HR Payroll-Payroll,"Hospitality Pay - Tips, Tip Credit, Make-up-Pay",Compliance TaxUs
UltiPro Core/HR Payroll-Payroll,"Manual, Instant & Void Checks",Payroll
UltiPro Core/HR Payroll-Payroll,Pay Calcs,Compliance TaxUs
UltiPro Core/HR Payroll-Payroll,Pay Calendar,Payroll
UltiPro Core/HR Payroll-Payroll,Payroll Adjustments,Compliance TaxUs
UltiPro Core/HR Payroll-Payroll,Payroll Automation,Payroll
UltiPro Core/HR Payroll-Payroll,Payroll Models,Payroll
UltiPro Core/HR Payroll-Payroll,Payroll Models,Payroll
UltiPro Core/HR Payroll-Payroll,Payroll Processing,Payroll
UltiPro Core/HR Payroll-Payroll,Payroll Processing - Batch creation,Payroll
UltiPro Core/HR Payroll-Payroll,Payroll Processing - Calc,Payroll
UltiPro Core/HR Payroll-Payroll,Payroll Processing - Posting,Payroll
UltiPro Core/HR Payroll-Payroll,Payroll Processing - Print,Payroll
UltiPro Core/HR Payroll-Payroll,Payroll Processing & Payroll Steps,Payroll
UltiPro Core/HR Payroll-Payroll,Payroll Rollback,Payroll
UltiPro Core/HR Payroll-Payroll,Payroll Setup,Payroll
UltiPro Core/HR Payroll-Payroll,"Payroll Time Entry, Data Entry Groups",Payroll
UltiPro Core/HR Payroll-Payroll,Payroll Timeclock Import,Payroll
UltiPro Core/HR Payroll-Payroll,Payroll Utilities,Payroll
UltiPro Core/HR Payroll-Payroll,PEO Billing and Calculations,Payroll
UltiPro Core/HR Payroll-Payroll,PEO Option Rates,Payroll
UltiPro Core/HR Payroll-Payroll,Posting Process,Payroll
UltiPro Core/HR Payroll-Payroll,Print & View Checks & DDAs,Payroll
UltiPro Core/HR Payroll-Payroll,Prorated Pay,Payroll
UltiPro Core/HR Payroll-Payroll,PTO Accruals,Payroll
UltiPro Core/HR Payroll-Payroll,PTO Benefit Accruals,Payroll
UltiPro Core/HR Payroll-Payroll,Recalc Accumulators and Fiscal,Compliance TaxUs
UltiPro Core/HR Payroll-Payroll,Retro Pay Calcs,Payroll
UltiPro Core/HR Payroll-Payroll,ROE (Record of Employment),Compliance TaxCARE
UltiPro Core/HR Payroll-Payroll,Standard reports - Payroll,Payroll
UltiPro Core/HR Payroll-Payroll,Tax Calcs,Compliance TaxUs
UltiPro Core/HR Payroll-Payroll,Tax Forms,Compliance TaxUs
UltiPro Core/HR Payroll-Payroll,Tax Reconciliation,Compliance TaxUs
UltiPro Core/HR Payroll-Payroll,View Checks - USA,Payroll
UltiPro Core/HR Payroll-Payroll,View Cheques - Canada,Payroll
UltiPro Core/HR Payroll-Payroll,Wage Attachments,Compliance TaxUs
UltiPro Core/HR Payroll-Payroll,Workers Comp,Compliance TaxUs
UltiPro Core/HR Payroll-Performance Management,Training Management,Talent Management
UltiPro Core/HR Payroll-Product Tools,Online Help,Payroll
UltiPro Core/HR Payroll-SaaS,Citrix,Payroll
UltiPro Core/HR Payroll-SaaS,Configuration,Payroll
UltiPro Core/HR Payroll-SaaS,Connectivity,Payroll
UltiPro Core/HR Payroll-SaaS,Data Restore,Payroll
UltiPro Core/HR Payroll-SaaS,Import/Export,Payroll
UltiPro Core/HR Payroll-SaaS,Performance,Payroll
UltiPro Core/HR Payroll-SaaS,Permissions,Payroll
UltiPro Core/HR Payroll-SaaS,Ports,Payroll
UltiPro Core/HR Payroll-Security,.NET Portal Config in Site Mgmt Console,AuthN
UltiPro Core/HR Payroll-Security,Active Directory,AuthN
UltiPro Core/HR Payroll-Security,Active Directory (AD),AuthN
UltiPro Core/HR Payroll-Security,Authentication,AuthN
UltiPro Core/HR Payroll-Security,Authorization,AuthN
UltiPro Core/HR Payroll-Security,Connections and Permissions,AuthN
UltiPro Core/HR Payroll-Security,Federated Single Sign-On (FSSO),AuthN
UltiPro Core/HR Payroll-Security,Integration,AuthN
UltiPro Core/HR Payroll-Security,Security Administration,AuthN
UltiPro Core/HR Payroll-Security,Security Cache,AuthN
UltiPro Core/HR Payroll-Security,Security Web Services,AuthN
UltiPro Core/HR Payroll-Security,Site Management Console,AuthN
UltiPro Core/HR Payroll-Security,SSO (Seamless Sign-On),AuthN
UltiPro Core/HR Payroll-Security,US Explorer,AuthN
UltiPro Core/HR Payroll-Security,Web Security,AuthN
UltiPro Core/HR Payroll-Standard Reports,Audit,BND - SaaS/Prod
UltiPro Core/HR Payroll-Standard Reports,Batch Reporting,Compliance TaxCARE
UltiPro Core/HR Payroll-Standard Reports,EEO Reporting,CU HR
UltiPro Core/HR Payroll-Standard Reports,HR Standard Reports,CU HR
UltiPro Core/HR Payroll-Standard Reports,LIT Quarterly Reports,Compliance TaxCARE
UltiPro Core/HR Payroll-Standard Reports,OSHA Reporting,CU HR
UltiPro Core/HR Payroll-Standard Reports,Payroll Standard Reports,Payroll
UltiPro Core/HR Payroll-Standard Reports,SUI Quarterly Reports,Compliance TaxCARE
UltiPro Core/HR Payroll-Standard Reports,Tax Standard Reports,Compliance TaxCARE
UltiPro Core/HR Payroll-Standard Reports,User Interface Standard Reports,CU HR
UltiPro Core/HR Payroll-Standard Reports,Veterans (VETS-100) Reporting,CU HR
UltiPro Core/HR Payroll-Standard Reports,Worksite Reports,CU HR
UltiPro Core/HR Payroll-Succession Management,Organization Chart,Talent Management
UltiPro Core/HR Payroll-Succession Management,Organizational View,Talent Management
UltiPro Core/HR Payroll-Succession Management,Organizational View,Talent Management
UltiPro Core/HR Payroll-Succession Management,Relocation Preferences,Talent Management
UltiPro Core/HR Payroll-Succession Management,Relocation Preferences,Talent Management
UltiPro Core/HR Payroll-Succession Management,Succession Plans,Talent Management
UltiPro Core/HR Payroll-Succession Management,Succession Plans,Talent Management
UltiPro Core/HR Payroll-Succession Management,Talent Factors,Talent Management
UltiPro Core/HR Payroll-Succession Management,Talent Factors,Talent Management
UltiPro Core/HR Payroll-Succession Management,Talent Profile,Talent Management
UltiPro Core/HR Payroll-Succession Management,Talent Profile,Talent Management
UltiPro Core/HR Payroll-System Performance,Integration,Payroll
UltiPro Core/HR Payroll-System Performance,System Performance,Payroll
UltiPro Core/HR Payroll-System Performance,System Performance,Payroll
UltiPro Core/HR Payroll-Tax,Common Pay Agent Utility,Compliance TaxCARE
UltiPro Core/HR Payroll-Tax,CTS Sup Code Request,Compliance TaxCARE
UltiPro Core/HR Payroll-Tax,CTS Tax Exports & Interface,Compliance TaxCARE
UltiPro Core/HR Payroll-Tax,Quarterly reports / Exports,Compliance TaxCARE
UltiPro Core/HR Payroll-Tax,Standard reports - Tax,Compliance TaxCARE
UltiPro Core/HR Payroll-Tax,Tax Calc,Compliance TaxUs
UltiPro Core/HR Payroll-Tax,Tax Reconciliation Utility,Compliance TaxUs
UltiPro Core/HR Payroll-Tax,Tax Research,Compliance TaxUs
UltiPro Core/HR Payroll-Tax,Tax Setup,Compliance TaxUs
UltiPro Core/HR Payroll-Tax,Tax Utilities,Compliance TaxUs
UltiPro Core/HR Payroll-Tax,Tax Utilities - FUTA,Compliance TaxUs
UltiPro Core/HR Payroll-Tax,Tax Utilities - PA Local,Compliance TaxUs
UltiPro Core/HR Payroll-Tax,W-4,Compliance TaxUs
UltiPro Core/HR Payroll-Tax,YE Filing - Canada,Compliance TaxCARE
UltiPro Core/HR Payroll-Tax,YE Filing -USA,Compliance TaxCARE
UltiPro Core/HR Payroll-Tax,YE Forms - Canada,Compliance TaxCARE
UltiPro Core/HR Payroll-Tax,YE Forms - USA,Compliance TaxCARE
UltiPro Core/HR Payroll-Tax,YE Forms - USA Possessions,Compliance TaxCARE
UltiPro Core/HR Payroll-Tax,YE Generate - Canada,Compliance TaxCARE
UltiPro Core/HR Payroll-Tax,YE Generate - USA,Compliance TaxCARE
UltiPro Core/HR Payroll-Tax,YE Print - Canada,Compliance TaxCARE
UltiPro Core/HR Payroll-Tax,YE Print - USA,Compliance TaxCARE
UltiPro Core/HR Payroll-Tools,Audit,BND - SaaS/Prod
UltiPro Core/HR Payroll-Tools,Create Company (CreateCo),BND - SaaS/Prod
UltiPro Core/HR Payroll-Tools,DataDictionary,BND - SaaS/Prod
UltiPro Core/HR Payroll-Tools,Datebase Portability,BND - SaaS/Prod
UltiPro Core/HR Payroll-Tools,EmpCount Utility,BND - SaaS/Prod
UltiPro Core/HR Payroll-Tools,Lock Service,BND - SaaS/Prod
UltiPro Core/HR Payroll-Web Configuration,.NET Page Controls,Unified Services
UltiPro Core/HR Payroll-Web Configuration,Employee Directory,Unified Services
UltiPro Core/HR Payroll-Web Configuration,NET Page Controls,Unified Services
UltiPro Core/HR Payroll-Web Import Tool,Configuration,Integration Applications
UltiPro Core/HR Payroll-Web Import Tool,Data,Integration Applications
UltiPro Core/HR Payroll-Web Import Tool,How to,Integration Applications
UltiPro Core/HR Payroll-Web Import Tool,UDES,Integration Applications
UltiPro Core/HR Payroll-Web Import Tool,Workflow,Integration Applications
UltiPro Core/HR Payroll-Web Portal,Content Management and Page Links,Unified Services
UltiPro Core/HR Payroll-Web Portal,Help and User Guides,Unified Services
UltiPro Core/HR Payroll-Web Portal,Mobile Web,Mobile Platform
UltiPro Core/HR Payroll-Web Portal,Page Controls,Unified Services
UltiPro Core/HR Payroll-Web Portal,Platform Configuration,Workflow
UltiPro Core/HR Payroll-Web Portal,Platform Configuration - Full Config,Workflow
UltiPro Core/HR Payroll-Web Portal,Value Rules Engine,Unified Services
UltiPro Core/HR Payroll-Web Portal,Web Security,AuthN
UltiPro Core/HR Payroll-Web Portal,Web Services,Event Horizon
UltiPro Core/HR Payroll-Workflow,Add International Company and Employee,CU HR
UltiPro Core/HR Payroll-Workflow,All Work Events,CU HR
UltiPro Core/HR Payroll-Workflow,"Change Job, Salary and Reviews",CU HR
UltiPro Core/HR Payroll-Workflow,Change Organizations,CU HR
UltiPro Core/HR Payroll-Workflow,Change Status,CU HR
UltiPro Core/HR Payroll-Workflow,Company Transfer,CU HR
UltiPro Core/HR Payroll-Workflow,Conditional Workflow,Workflow
UltiPro Core/HR Payroll-Workflow,New Hire/Rehire/Multi Company New Hire,CU HR
UltiPro Core/HR Payroll-Workflow,Termination,CU HR
UltiPro Core/HR Payroll-Workflow,Workflow Business Process,Workflow
UltiPro Core/HR Payroll-Year End,Forms 940 & FUTA Credit Reduction Utility,Compliance TaxUs
UltiPro Core/HR Payroll-Year End,Reset Yearend Accumulators,Compliance TaxUs
UltiPro Core/HR Payroll-Year End,"YE Forms 1099=MISC, 1099-R",Compliance TaxCARE
UltiPro Core/HR Payroll-Year End,"YE Forms USA Possessions PR,GU,VI",Compliance TaxCARE
UltiPro Core/HR Payroll-Year End,YE Forms W-2,Compliance TaxCARE
UltiPro Core/HR Payroll-Year End,YE Forms W-2c,Compliance TaxCARE
UltiPro Core/HR Payroll-Year End,YE Generate Process,Compliance TaxCARE
UltiPro Core/HR Payroll-Year End,YE Print Service,Compliance TaxCARE
UltiPro Core/HR Payroll-Year End,"YE SIT, LIT Reports, Electronic Files",Compliance TaxCARE
UltiPro Core/HR Payroll-Year End,YE Tax Reports,Compliance TaxCARE
UltiPro Employee Timesheets-Employee Timesheet,Timesheet,Payroll
UltiPro Employee Timesheets-SaaS,Citrix,Payroll
UltiPro Employee Timesheets-SaaS,Configuration,Payroll
UltiPro Employee Timesheets-SaaS,Connectivity,Payroll
UltiPro Employee Timesheets-SaaS,Data Restore,Payroll
UltiPro Employee Timesheets-SaaS,Import/Export,Payroll
UltiPro Employee Timesheets-SaaS,Performance,Payroll
UltiPro Employee Timesheets-SaaS,Permissions,Payroll
UltiPro Employee Timesheets-SaaS,Ports,Payroll
UltiPro Learning-Career Development,Reports,Talent Management
UltiPro Learning-Career Development,Security,Talent Management
UltiPro Learning-Career Development,Training Courses,Talent Management
UltiPro Learning-Career Development,User Sync,Talent Management
UltiPro Learning-Career Development,Users,Talent Management
UltiPro Learning-Other Learning,Reports,Talent Management
UltiPro Learning-Other Learning,Security,Talent Management
UltiPro Learning-Other Learning,Training Courses,Talent Management
UltiPro Learning-Other Learning,User Sync,Talent Management
UltiPro Learning-Other Learning,Users,Talent Management
UltiPro Learning Management-HR / Benefits - LM,Employee Profile,Talent Management
UltiPro Learning Management-SaaS,Citrix,UltiPro Perception
UltiPro Learning Management-SaaS,Configuration,UltiPro Perception
UltiPro Learning Management-SaaS,Connectivity,UltiPro Perception
UltiPro Learning Management-SaaS,Data Restore,UltiPro Perception
UltiPro Learning Management-SaaS,Import/Export,UltiPro Perception
UltiPro Learning Management-SaaS,Performance,UltiPro Perception
UltiPro Learning Management-SaaS,Permissions,UltiPro Perception
UltiPro Learning Management-SaaS,Ports,UltiPro Perception
UltiPro Managed Services-Benefits Administration,Administrative / Process,Rewards Domain
UltiPro Managed Services-Benefits Administration,Banking / ACH,Rewards Domain
UltiPro Managed Services-Benefits Administration,Carrier Contact,Rewards Domain
UltiPro Managed Services-Benefits Administration,Deduction Issue / Inquiry,Rewards Domain
UltiPro Managed Services-Benefits Administration,Eligibility Information,Rewards Domain
UltiPro Managed Services-Benefits Administration,Employee Data Setup,Rewards Domain
UltiPro Managed Services-Benefits Administration,New Enrollment,Rewards Domain
UltiPro Managed Services-Benefits Administration,Open Enrollment,Rewards Domain
UltiPro Managed Services-Benefits Administration,Password Reset / Access,Rewards Domain
UltiPro Managed Services-Benefits Administration,Paycheck Inquiry,Rewards Domain
UltiPro Managed Services-Benefits Administration,Qualified Life Event,Rewards Domain
UltiPro Managed Services-Benefits Administration,Security,Rewards Domain
UltiPro Managed Services-Benefits Administration,Year End,Rewards Domain
UltiPro Onboarding-Administrator Experience,Forms/Documents,Onboarding
UltiPro Onboarding-Administrator Experience,Helpful Information,Onboarding
UltiPro Onboarding-Administrator Experience,HR Compliance,Onboarding
UltiPro Onboarding-Administrator Experience,Messaging/Email,Onboarding
UltiPro Onboarding-Administrator Experience,My Team,Onboarding
UltiPro Onboarding-Administrator Experience,Reporting,Onboarding
UltiPro Onboarding-Administrator Experience,Security,Onboarding
UltiPro Onboarding-Administrator Experience,Translation (localization),Onboarding
UltiPro Onboarding-Administrator Experience,Unlock Your Potential,Onboarding
UltiPro Onboarding-Employee Experience,Direct Deposit,Onboarding
UltiPro Onboarding-Employee Experience,Forms/Documents,Onboarding
UltiPro Onboarding-Employee Experience,Helpful Information,Onboarding
UltiPro Onboarding-Employee Experience,LinkedIn,Onboarding
UltiPro Onboarding-Employee Experience,Messaging/Email,Onboarding
UltiPro Onboarding-Employee Experience,Translation (localization),Onboarding
UltiPro Onboarding-Employee Experience,Unlock Your Potential,Onboarding
UltiPro Onboarding-Hiring Manager Experience,Forms/Documents,Onboarding
UltiPro Onboarding-Hiring Manager Experience,Launch,Onboarding
UltiPro Onboarding-Hiring Manager Experience,Messaging/Email,Onboarding
UltiPro Onboarding-Hiring Manager Experience,My Team,Onboarding
Ultipro Onboarding-Hiring Manager Experience,Processes,Onboarding
UltiPro Onboarding-Integration - Onboarding,3rd Party ATS,Onboarding
UltiPro Onboarding-Integration - Onboarding,Business Rules,Onboarding
UltiPro Onboarding-Integration - Onboarding,eVerify,Onboarding
UltiPro Onboarding-Integration - Onboarding,LinkedIn,Onboarding
UltiPro Onboarding-Integration - Onboarding,Other,Onboarding
UltiPro Onboarding Classic-Onboarding Classic,Administration,Onboarding
UltiPro Onboarding Classic-Onboarding Classic,eVerify,Onboarding
UltiPro Onboarding Classic-Onboarding Classic,Forms,Onboarding
UltiPro Onboarding Classic-Onboarding Classic,Integration,Onboarding
UltiPro Onboarding Classic-Onboarding Classic,Notifications,Onboarding
UltiPro Onboarding Classic-Onboarding Classic,Onboarding Classic,Onboarding
UltiPro Onboarding Classic-Onboarding Classic,Panels,Onboarding
UltiPro Onboarding Classic-Onboarding Classic,Security,Onboarding
UltiPro Onboarding Classic-Onboarding Classic,Standard Reports,Onboarding
UltiPro Onboarding Classic-SaaS,Citrix,Onboarding
UltiPro Onboarding Classic-SaaS,Configuration,Onboarding
UltiPro Onboarding Classic-SaaS,Connectivity,Onboarding
UltiPro Onboarding Classic-SaaS,Connectivity,Onboarding
UltiPro Onboarding Classic-SaaS,Data Restore,Onboarding
UltiPro Onboarding Classic-SaaS,Import/Export,Onboarding
UltiPro Onboarding Classic-SaaS,Performance,Onboarding
UltiPro Onboarding Classic-SaaS,Permissions,Onboarding
UltiPro Onboarding Classic-SaaS,Ports,Onboarding
UltiPro Onboarding Classic-SaaS,WAF Error,Onboarding
UltiPro Onboarding Classic-SaaS - Ultimate Partner,Certpoint Integration,Onboarding
UltiPro Onboarding Classic-SaaS - Ultimate Partner,Certpoint SSO,Onboarding
UltiPro Organization Modeling-Model Organization,History,Organizational Management
UltiPro Organization Modeling-Model Organization,Model Creation / Deletion,Organizational Management
UltiPro Organization Modeling-Model Organization,Search,Organizational Management
UltiPro Organization Modeling-Model Organization,Unit Assignments,Organizational Management
UltiPro Organization Modeling-Model Organization,Unit Edits,Organizational Management
UltiPro Organization Modeling-OMD Integration,Business Rules,Organizational Management
UltiPro Organization Modeling-OMD Integration,Employee Information,Organizational Management
UltiPro Organization Modeling-OMD Integration,User,Organizational Management
UltiPro Organization Modeling-Organization Settings,Levels / Attributes,Organizational Management
UltiPro Organization Modeling-Organization Settings,Structure,Organizational Management
UltiPro Organization Modeling-Review / Apply Changes,Employees Affected Summary,Organizational Management
UltiPro Organization Modeling-Review / Apply Changes,Structure Update Summary,Organizational Management
UltiPro Organization Modeling-View Your Organization,Employee Count,Organizational Management
UltiPro Organization Modeling-View Your Organization,Search,Organizational Management
UltiPro Organization Modeling-View Your Organization,Structure View,Organizational Management
UltiPro Organization Modeling-View Your Organization,Tree Navigation,Organizational Management
UltiPro Payment Services-Check Printing,Deadline Extension Request,Payroll
UltiPro Payment Services-Check Printing,Distribution Add/Change,Payroll
UltiPro Payment Services-Print Services,Deadline Extension Request,Payroll
UltiPro Payment Services-Print Services,Distribution Add/Change,Payroll
UltiPro Payment Services-SaaS,Citrix,Payroll
UltiPro Payment Services-SaaS,Configuration,Payroll
UltiPro Payment Services-SaaS,Connectivity,Payroll
UltiPro Payment Services-SaaS,Data Restore,Payroll
UltiPro Payment Services-SaaS,Data Restore,Payroll
UltiPro Payment Services-SaaS,Import/Export,Payroll
UltiPro Payment Services-SaaS,Performance,Payroll
UltiPro Payment Services-SaaS,Permissions,Payroll
UltiPro Payment Services-SaaS,Ports,Payroll
UltiPro Payment Services-SaaS,WAF Error,Payroll
UltiPro Payment Services-Wage Attachment,Bankruptcy,Compliance TaxUs
UltiPro Payment Services-Wage Attachment,Garnishment,Compliance TaxUs
UltiPro Payment Services-Wage Attachment,IRS Levy,Compliance TaxUs
UltiPro Payment Services-Wage Attachment,No Wage Data Received,Compliance TaxUs
UltiPro Payment Services-Wage Attachment,Payment Status Inquiry,Compliance TaxUs
UltiPro Payment Services-Wage Attachment,State Tax Levy,Compliance TaxUs
UltiPro Payment Services-Wage Attachment,Stop Payment Request,Compliance TaxUs
UltiPro Payment Services-Wage Attachment,Student Loan,Compliance TaxUs
UltiPro Payment Services-Wage Attachment,Wage Data Out of Balance,Compliance TaxUs
UltiPro Payment Services-Wage Attachment,Wage Order Release,Compliance TaxUs
UltiPro Perception-Perception,Administration,UltiPro Perception
UltiPro Perception-Perception,Application,UltiPro Perception
UltiPro Perception-Perception,Configuration,UltiPro Perception
UltiPro Perception-Perception,Data Import,UltiPro Perception
UltiPro Perception-Perception,Distribution add/change,UltiPro Perception
UltiPro Perception-Perception,Email Notifications,UltiPro Perception
UltiPro Perception-Perception,Employee Directory,UltiPro Perception
UltiPro Perception-Perception,Export,UltiPro Perception
UltiPro Perception-Perception,Identity Issues,UltiPro Perception
UltiPro Perception-Perception,Infrastructure,UltiPro Perception
UltiPro Perception-Perception,Reports,UltiPro Perception
UltiPro Perception-Perception,Security,UltiPro Perception
UltiPro Perception-Perception,SSO (Seamless Sign-On),UltiPro Perception
UltiPro Perception-Perception,Team Hierarchy,UltiPro Perception
UltiPro Perception-Perception,Text Analytics,UltiPro Perception
UltiPro Performance Development-Data Science - Filters,Other,Performance Development
UltiPro Performance Development-Data Science - Quality of Feedback,Other,Performance Development
UltiPro Performance Development-Employee Search,Other,Performance Development
UltiPro Performance Development-Feedback Configuration,Other,Performance Development
UltiPro Performance Development-Feedback Distribution,Other,Performance Development
UltiPro Performance Development-Notifications - email,Other,Performance Development
UltiPro Performance Development-Notifications - in app,Other,Performance Development
UltiPro Performance Development-Objective/Goal,Other,Performance Development
UltiPro Performance Development-Reports,Other,Performance Development
UltiPro Performance Development-Response Search,Other,Performance Development
UltiPro Performance Development-Reviews,Other,Performance Development
UltiPro Performance Development-Sharing,Other,Performance Development
UltiPro Performance Management-Performance Management,Integration,Talent Management
UltiPro Performance Management-Performance Management,Other,Talent Management
UltiPro Performance Management-Performance Management,Performance Management,Talent Management
UltiPro Performance Management-Performance Management,Standard Reports,Talent Management
UltiPro Performance Management-SaaS,Citrix,Talent Management
UltiPro Performance Management-SaaS,Configuration,Talent Management
UltiPro Performance Management-SaaS,Connectivity,Talent Management
UltiPro Performance Management-SaaS,Data Restore,Talent Management
UltiPro Performance Management-SaaS,Import/Export,Talent Management
UltiPro Performance Management-SaaS,Performance,Talent Management
UltiPro Performance Management-SaaS,Permissions,Talent Management
UltiPro Performance Management-SaaS,Ports,Talent Management
UltiPro Performance Management-SaaS,WAF Error,Talent Management
UltiPro Performance Management-SaaS - Ultimate Partner,Certpoint Integration,Talent Management
UltiPro Performance Management-SaaS - Ultimate Partner,Certpoint SSO,Talent Management
UltiPro Performance Management-UltiPro Performance Management,Batch Creation / Reviews,Talent Management
UltiPro Performance Management-UltiPro Performance Management,Objective / Goal,Talent Management
UltiPro Performance Management-UltiPro Performance Management,Reports,Talent Management
UltiPro Performance Management-UltiPro Performance Management,Reviews,Talent Management
UltiPro Performance Management-Unified Performance Management,Batch Creation / Reviews,Talent Management
UltiPro Performance Management-Unified Performance Management,Objective / Goal,Talent Management
UltiPro Performance Management-Unified Performance Management,Reports,Talent Management
UltiPro Performance Management-Unified Performance Management,Reviews,Talent Management
UltiPro Performance Management-Unified Performance Management,Security,Talent Management
UltiPro Recruiting-Candidate Experience,Apply,Recruiting
UltiPro Recruiting-Candidate Experience,Assessments - Assess Systems,Recruiting
UltiPro Recruiting-Candidate Experience,Background Check - HireRight,Recruiting
UltiPro Recruiting-Candidate Experience,Background Check - Sterling,Recruiting
UltiPro Recruiting-Candidate Experience,Candidate Presence,Recruiting
UltiPro Recruiting-Candidate Experience,Discover Your Potential,Recruiting
UltiPro Recruiting-Candidate Experience,Job Search,Recruiting
UltiPro Recruiting-Candidate Experience,Messaging/Email,Recruiting
UltiPro Recruiting-Candidate Experience,References,Recruiting
UltiPro Recruiting-Recruiter Experience,Candidate Pools,Recruiting
UltiPro Recruiting-Recruiter Experience,Candidate Search,Recruiting
UltiPro Recruiting-Recruiter Experience,Dispositioning,Recruiting
UltiPro Recruiting-Recruiter Experience,Job Boards,Recruiting
UltiPro Recruiting-Recruiter Experience,Messaging/Email,Recruiting
UltiPro Recruiting-Recruiter Experience,Opportunities/Requisitions,Recruiting
UltiPro Recruiting-Recruiter Experience,Reporting,Recruiting
UltiPro Recruiting-UltiPro Integration,Business Rules,Recruiting
UltiPro Recruiting-UltiPro Integration,Jobs,Recruiting
UltiPro Recruiting-UltiPro Integration,Onboarding Classic,Recruiting
UltiPro Recruiting-UltiPro Integration,Other,Recruiting
UltiPro Recruiting-UltiPro Integration,Process Hire,Recruiting
UltiPro Recruiting-UltiPro Integration,Users,Recruiting
UltiPro Recruitment-Email Notifications,User Synchronization,Recruiting
UltiPro Recruitment-Integration,Administration,Recruiting
UltiPro Recruitment-Integration,Table Synchronization,Recruiting
UltiPro Recruitment-Job Boards,Email Notification,Recruiting
UltiPro Recruitment-Job Boards,Job Boards,Recruiting
UltiPro Recruitment-Manage Candidate,Job Boards,Recruiting
UltiPro Recruitment-Manage Candidate,Managing Candidate,Recruiting
UltiPro Recruitment-Recruitment,Data / Setup Change,Recruiting
UltiPro Recruitment-Recruitment,Email Notifications,Recruiting
UltiPro Recruitment-Recruitment,Implementation Setup,Recruiting
UltiPro Recruitment-Recruitment,Integration,Recruiting
UltiPro Recruitment-Recruitment,Job Boards,Recruiting
UltiPro Recruitment-Recruitment,Job Seekers,Recruiting
UltiPro Recruitment-Recruitment,Job Setup and Maintenance,Recruiting
UltiPro Recruitment-Recruitment,Recruitment,Recruiting
UltiPro Recruitment-Recruitment,Reporting,Recruiting
UltiPro Recruitment-Recruitment,Standard Reports,Recruiting
UltiPro Recruitment-SaaS,Citrix,Recruiting
UltiPro Recruitment-SaaS,Configuration,Recruiting
UltiPro Recruitment-SaaS,Connectivity,Recruiting
UltiPro Recruitment-SaaS,Data Restore,Recruiting
UltiPro Recruitment-SaaS,Import/Export,Recruiting
UltiPro Recruitment-SaaS,Performance,Recruiting
UltiPro Recruitment-SaaS,Permissions,Recruiting
UltiPro Recruitment-SaaS,Ports,Recruiting
UltiPro Recruitment-SaaS,WAF Error,Recruiting
UltiPro Recruitment-SaaS - Ultimate Partner,Certpoint Integration,Recruiting
UltiPro Recruitment-SaaS - Ultimate Partner,Certpoint SSO,Recruiting
UltiPro Time and Attendance-Custom - UTA,Alert,TC Customs
UltiPro Time and Attendance-Custom - UTA,Attendance Control,TC Customs
UltiPro Time and Attendance-Custom - UTA,Branding,TC Customs
UltiPro Time and Attendance-Custom - UTA,Condition,TC Customs
UltiPro Time and Attendance-Custom - UTA,Data Event,TC Customs
UltiPro Time and Attendance-Custom - UTA,Entitlement,TC Customs
UltiPro Time and Attendance-Custom - UTA,Export,TC Customs
UltiPro Time and Attendance-Custom - UTA,Form,TC Customs
UltiPro Time and Attendance-Custom - UTA,Import,TC Customs
UltiPro Time and Attendance-Custom - UTA,Other,TC Customs
UltiPro Time and Attendance-Custom - UTA,Other Java Class,TC Customs
UltiPro Time and Attendance-Custom - UTA,Overtime Equalization,TC Customs
UltiPro Time and Attendance-Custom - UTA,Payroll Export Plugin,TC Customs
UltiPro Time and Attendance-Custom - UTA,Report,TC Customs
UltiPro Time and Attendance-Custom - UTA,Rule,TC Customs
UltiPro Time and Attendance-Custom - UTA,Scheduled Task,TC Customs
UltiPro Time and Attendance-Custom - UTA,Shift Trading,TC Customs
UltiPro Time and Attendance-Custom - UTA,SQL Table,TC Customs
UltiPro Time and Attendance-Custom - UTA,SQL Trigger,TC Customs
UltiPro Time and Attendance-Custom - UTA,SQL View,TC Customs
UltiPro Time and Attendance-Custom - UTA,UTA Integration,TC Customs
UltiPro Time and Attendance-Custom - UTA,Vacation Bidding,TC Customs
UltiPro Time and Attendance-HR Refresh,HR Refresh,UTA
UltiPro Time and Attendance-Install,Install,UTA
UltiPro Time and Attendance-Integration,Employee Update,UTA
UltiPro Time and Attendance-Integration,Integration via Custom Interface,UTA
UltiPro Time and Attendance-Integration,Integration via Custom Mapping,UTA
UltiPro Time and Attendance-Integration,Integration via Flat File,UTA
UltiPro Time and Attendance-Integration,Limit IP Address,UTA
UltiPro Time and Attendance-Integration,Miscellaneous Time and Attendance,UTA
UltiPro Time and Attendance-Integration,New Hire Wizard,UTA
UltiPro Time and Attendance-Integration,Rehire Wizard,UTA
UltiPro Time and Attendance-Integration,Seamless Sign-On (SSO),UTA
UltiPro Time and Attendance-Integration,Synchronizing Employee Data,UTA
UltiPro Time and Attendance-Integration,Synchronizing Set Up Codes,UTA
UltiPro Time and Attendance-Integration,Synchronizing User Data,UTA
UltiPro Time and Attendance-Integration,System Administration Pages,UTA
UltiPro Time and Attendance-Integration,Team Hierarchy,UTA
UltiPro Time and Attendance-Integration,Transfers,UTA
UltiPro Time and Attendance-Integration - UTA,Accrual,UTA
UltiPro Time and Attendance-Leave Management,Leave Management,UTA
UltiPro Time and Attendance-Multi View Scheduler,Multi-View Scheduler (MVS),UTA
UltiPro Time and Attendance-Proactive Call,Proactive Call,UTA
UltiPro Time and Attendance-Reports,Reports,UTA
UltiPro Time and Attendance-Rule Configuration,Core Rule,UTA
UltiPro Time and Attendance-Rule Configuration,Ultimate Software Rule,UTA
UltiPro Time and Attendance-SaaS,Citrix,UTA
UltiPro Time and Attendance-SaaS,Configuration,UTA
UltiPro Time and Attendance-SaaS,Connectivity,UTA
UltiPro Time and Attendance-SaaS,Data Restore,UTA
UltiPro Time and Attendance-SaaS,Import/Export,UTA
UltiPro Time and Attendance-SaaS,Install,UTA
UltiPro Time and Attendance-SaaS,Performance,UTA
UltiPro Time and Attendance-SaaS,Permissions,UTA
UltiPro Time and Attendance-SaaS,Ports,UTA
UltiPro Time and Attendance-SaaS,WAF Error,UTA
UltiPro Time and Attendance-Staff Scheduler,Organizational View,UTA
UltiPro Time and Attendance-Staff Scheduler,Staff Scheduler,UTA
UltiPro Time and Attendance-Timeclock/Payroll,Timeclock/Payroll,UTA
UltiPro Time and Attendance-Timesheet,Edit/Entry,UTA
UltiPro Time and Attendance-Timesheet,Timesheet,UTA
UltiPro Time and Attendance-UltiPro Time and Attendance,UTA Seamless Sign-On,UTA
UltiPro Time and Attendance-Workmail,Alerts,UTA
UltiPro Time and Attendance-Workmail,Messages,UTA
UltiPro Time and Attendance-Workmail,SMTP Forwarding,UTA
UltiPro Time Collection-UTC - Host Server,Host Enhancements,UltiPro Time Collection
UltiPro Time Collection-UTC - Host Server,Host Issues,UltiPro Time Collection
UltiPro Time Collection-UTC - Host Server,Server Administration,UltiPro Time Collection
UltiPro Time Collection-UTC - Host Server,Server Connectivity,UltiPro Time Collection
UltiPro Time Collection-UTC - Host Server,Server Performance,UltiPro Time Collection
UltiPro Time Collection-UTC - TB Web Clock,Clock Configuration,UltiPro Time Collection
UltiPro Time Collection-UTC - TB Web Clock,Miscellaneous,UltiPro Time Collection
UltiPro Time Collection-UTC - TimeBase Clock,Clock Config/ROM Upgrade,UltiPro Time Collection
UltiPro Time Collection-UTC - TimeBase Clock,Clock Configuration,UltiPro Time Collection
UltiPro Time Collection-UTC - TimeBase Clock,Clock Connectivity,UltiPro Time Collection
UltiPro Time Collection-UTC - TimeBase Clock,Clock RMA,UltiPro Time Collection
UltiPro Time Collection-UTC - TimeBase Clock,Miscellaneous,UltiPro Time Collection
UltiPro Time Collection-UTC - TouchBase Clock,Clock Config/ROM Upgrade,UltiPro Time Collection
UltiPro Time Collection-UTC - TouchBase Clock,Clock Configuration,UltiPro Time Collection
UltiPro Time Collection-UTC - TouchBase Clock,Clock Connectivity,UltiPro Time Collection
UltiPro Time Collection-UTC - TouchBase Clock,Clock RMA,UltiPro Time Collection
UltiPro Time Collection-UTC - TouchBase Clock,Miscellaneous,UltiPro Time Collection
UltiPro Time Management-Administration,Company Setup,UTM
UltiPro Time Management-Administration,Dashboard,UTM
UltiPro Time Management-Administration,Employee,UTM
UltiPro Time Management-Administration,EWS Setup,UTM
UltiPro Time Management-Administration,Messaging,UTM
UltiPro Time Management-Administration,Payroll,UTM
UltiPro Time Management-Administration,Performance,UTM
UltiPro Time Management-Administration,Reporting,UTM
UltiPro Time Management-Administration,Table Synchroniztion,UTM
UltiPro Time Management-Administration,Third Party Clocks,UTM
UltiPro Time Management-Attendance,Calculation,UTM
UltiPro Time Management-Attendance,EWS Punch,UTM
UltiPro Time Management-Attendance,History,UTM
UltiPro Time Management-Attendance,In/Out Board,UTM
UltiPro Time Management-Attendance,Overview,UTM
UltiPro Time Management-Attendance,Point System,UTM
UltiPro Time Management-Attendance,Posting,UTM
UltiPro Time Management-Attendance,Time Clock Entry,UTM
UltiPro Time Management-Attendance,Timesheet,UTM
UltiPro Time Management-Attendance,Timesheet View,UTM
UltiPro Time Management-Attendance,Unclaimed Punches,UTM
UltiPro Time Management-Custom Programs,UltiPro Time Management,UTM
UltiPro Time Management-Dashboard,Dashboard,UTM
UltiPro Time Management-Employee,General,UTM
UltiPro Time Management-Employee,Lockout,UTM
UltiPro Time Management-Employee,Overview,UTM
UltiPro Time Management-Integration,Accrual Sync,UTM
UltiPro Time Management-Integration,Employee Sync,UTM
UltiPro Time Management-Integration,SSO-Admin/Supervisor,UTM
UltiPro Time Management-Integration,SSO-Employee,UTM
UltiPro Time Management-Integration,User Sync,UTM
UltiPro Time Management-Integration - UTM,Accrual Interface,UTM
UltiPro Time Management-Integration - UTM,Employee Interface,UTM
UltiPro Time Management-Integration - UTM,Group Interface,UTM
UltiPro Time Management-Integration - UTM,Seamless Sign-On (SSO),UTM
UltiPro Time Management-Integration - UTM,User Interface,UTM
UltiPro Time Management-Integration - UTM,User-employee Relationship,UTM
UltiPro Time Management-Mailbox,Private Messages,UTM
UltiPro Time Management-Proactive Call,Proactive Call,UTM
UltiPro Time Management-SaaS,Citrix,UTM
UltiPro Time Management-SaaS,Configuration,UTM
UltiPro Time Management-SaaS,Connectivity,UTM
UltiPro Time Management-SaaS,Data Restore,UTM
UltiPro Time Management-SaaS,Import/Export,UTM
UltiPro Time Management-SaaS,Install,UTM
UltiPro Time Management-SaaS,Performance,UTM
UltiPro Time Management-SaaS,Permissions,UTM
UltiPro Time Management-SaaS,Ports,UTM
UltiPro Time Management-SaaS,WAF Error,UTM
UltiPro Time Management-Schedule,Calendar,UTM
UltiPro Time Management-Schedule,History,UTM
UltiPro Time Management-Schedule,Request,UTM
UltiPro Time Management-Schedule,Templates,UTM
UltiPro Time Management-Scheduler,Calendar,UTM
UltiPro Time Management-Scheduler,Overview,UTM
UltiPro Time Management-Scheduler,Recap,UTM
UltiPro Time Management-Scheduler,Templates,UTM
UltiPro Time Management-Timeclock Entry,Timeclock Entry,UTM
UltiPro WorkForce Management-Time Off and Allowances,Accrual,WFM TOA
UltiPro WorkForce Management-Time Off and Allowances,Calculation,WFM TOA
UltiPro WorkForce Management-Time Off and Allowances,How to,WFM TOA
UltiPro WorkForce Management-Time Off and Allowances,Integration,WFM TOA
UltiPro WorkForce Management-Time Off and Allowances,Opening Balances,WFM TOA
UltiPro WorkForce Management-Time Off and Allowances,Reporting,WFM Reporting
UltiPro WorkForce Management-Time Off and Allowances,Request,WFM TOA
UltiPro WorkForce Management-Time Off and Allowances,Scheduled Task,WFM TOA
UltiPro WorkForce Management-Time Off and Allowances,Security,WFM TOA
UltiPro WorkForce Management-UltiPro Scheduling,Data Import,WFM UPS
UltiPro WorkForce Management-UltiPro Scheduling,How to,WFM UPS
UltiPro WorkForce Management-UltiPro Scheduling,Integration,WFM UPS
UltiPro WorkForce Management-UltiPro Scheduling,Jobs,WFM UPS
UltiPro WorkForce Management-UltiPro Scheduling,Reporting,WFM Reporting
UltiPro WorkForce Management-UltiPro Scheduling,Scheduling,WFM UPS
UltiPro WorkForce Management-UltiPro Scheduling,Security,WFM UPS
UltiPro WorkForce Management-UltiPro Scheduling,Shift Patterns,WFM UPS
UltiPro WorkForce Management-UltiPro Scheduling,Shift Trading,WFM UPS
UltiPro WorkForce Management-UltiPro Scheduling,Shifts,WFM UPS
UltiPro WorkForce Management-UltiPro Time,Calculation,WFM UPT
UltiPro WorkForce Management-UltiPro Time,Export,WFM UPT
UltiPro WorkForce Management-UltiPro Time,How to,WFM UPT
UltiPro WorkForce Management-UltiPro Time,Import,WFM UPT
UltiPro WorkForce Management-UltiPro Time,Integration,WFM UPT
UltiPro WorkForce Management-UltiPro Time,Labor Metrics,WFM UPT
UltiPro WorkForce Management-UltiPro Time,Payroll,WFM UPT
UltiPro WorkForce Management-UltiPro Time,Reporting,WFM Reporting
UltiPro WorkForce Management-UltiPro Time,Scheduled Task,WFM UPT
UltiPro WorkForce Management-UltiPro Time,Scheduling,WFM UPT
UltiPro WorkForce Management-UltiPro Time,Security,WFM UPT
UltiPro WorkForce Management-UltiPro Time,System Administration,WFM UPT
UltiPro WorkForce Management-UltiPro Time,Timesheet,WFM UPT
UltiPro Core/HR Payroll-Integration Platform,Configuration,Integration Applications
UltiPro Core/HR Payroll-Integration Platform,Connectivity,Integration Applications
UltiPro Core/HR Payroll-Integration Platform,Data,Integration Applications
UltiPro Core/HR Payroll-Integration Platform,File Transfer,Integration Applications
UltiPro Core/HR Payroll-Integration Platform,Security,Integration Applications
UltiPro Core/HR Payroll-Integration Platform,User Experience,Integration Applications
UltiPro Core/HR Payroll-Slack Integration,Application,Integration Applications
UltiPro Core/HR Payroll-Slack Integration,Configuration,Integration Applications
UltiPro Core/HR Payroll-Slack Integration,How to,Integration Applications
UltiPro Core/HR Payroll-Slack Integration,Security,Integration Applications
UltiPro Core/HR Payroll-Slack Integration,User Interface,Integration Applications
